Italiano;TraduÁ„o
Bentornati;
luned√¨;
chiacchierate;
caldissimo;
arrivata;
sbagliate;
distruggendo;
per√≤;
l'interno;
quindi;
l'arredamento;
pu√≤;
l'acquisto;
notevoli;
agli;
Allora;
intanto;
affittare;
l√¨;
solito;
Ecco;
negli;
poi;
dicono;
alludendo;
vedrete;
monolocale;
bilocale;
trilocale;
quadrilocale;
potete;
adibita;
avvocati;
eccetera;
VA;
salotto;
soggiorno;
naturalmente;
meno;
ANGOLO;
COTTURA;
leggete;
include;
spesso;
un'altra;
terrazza;
cantina;
usiamo;
oppure;
cio√®;
scoperto;
Ricordatevi;
Scale;
l'ascensore;
appunto;
sfarzoso;
dei;
antico;
dispregiativi;
palazzone;
infatti;
parentesi;
l'imprenditore;
edile;
soldi;
PALAZZINARO;
dispregiativo;
speculazione;
edilizia;
sia;
palazzina;
piani;
sopra;
abbastanza;
mansarda;
Attic;
soffitta;
mentre;
spunta;
stanno;
Dove;
anzi;
farci;
altrimenti;
nei;
scala;
invita;
salire;
hanno;
sugli;
singola;
villetta;
schiera;
Anche;
Villa;
l'altro;
usa;
parco;
detta;
villette;
terratetto;
fila;
vuol;
uguali;
confinanti;
confinano;
giardini;
siepe,;
staccionata;
legno;
chiamiamo;
giardino;
SEMINTERRATO;
livello;
bui;
carini;
seminterrati;
segni;
col;
storici;
ripide;
regolari;
spese;
sulle;
potatura;
alberi;
siepi;
impegnative;
vecchi;
riscaldamento;
chiude;
valvole;
possiamo;
adesso;
ognuno;
termo;
caldaia;
tanica;
acciaio;
scalda;
far√†;
lievitare;
cercate;
comunque;
impianti;
risparmiare;
sottolineare;
raccomando;
cos'√®;
succede;
andrete;
sostanzialmente;
mensilit√†;
botta;
accettarti;
abbassare;
prezzo;
chieder√†;
garanzie;
busta;
garanzia;
qualcuno;
c'entra;
tramite;
l'affittuario;
siete;
firma;
subito;
andr√†;
qualche;
mesi;
diritto;
trattenere;
riparazioni;
potrete;
andarvene;
preavviso;
scendono;
conto;
TINTEGGIATO;
dipinto;
ridipingere;
fresca;
ridipingerlo;
rimasti;
scontata;
rimanere;
chiesto;
Insomma;
almeno;
vuole;
Dopo;
padrone;
sfratta;
SFRATTO;
fatecelo;
affittuari;
chiedono;
buttarvi;
forzato;
purtroppo;
riescono;
tornare;
partecipare;
volete;
googolare;
riunione;
Fantozzi;
essenza;
scuote;
tovaglia;
casca;
annaffia,;
abbaia;
corrono;
accanto;
posti;
sale;
parrocchiali;
spesa;
scherzi;
esserci;
Riceverete;
l'ordine;
venerd√¨;
accendere;
fuoco;
presta;
mutui;
trentennale;
completerete;
lievitati;
stelle;
accenderete;
opzioni;
sarebbero;
tasso;
fisso;
interessi;
legata;
trovino;
doppio;
pattuito;
lievitato;
trovati;
guai;
piace;
carine;
ex;
aree;
riqualificato;
qua;
casolari;
campagna;
contadini;
divise;
stalla;
costano;
acquistano;
li;
bed;
stata;
riadattata;
pietra;
infissi;
Grattacieli;
arrabbiare;
grattacielo;
sapete;
fateci;
dovrebbe;
condizionatori;
offese;
giro;
strade;
arancione;
giallo;
attirare;
affittasi;
risparmiate;
rischio;
sveglie;
rischi;
bel;
cartelli;
scaricato;
dichiarazione;
redditi;
mossa;
fatta;
avuto;
piacerebbe;
continuassimo;
approfondendo;
mobili;
